label,url
Open Northstar California website,https://www.northstarcalifornia.com/
Open Tahoe Vista Recreation Area website,https://ntpud.org/recreation-parks/facilities/tahoe-vista-recreation-area/
Open Reno-Tahoe International Airport website,https://www.renoairport.com/
Open Kings Beach State Recreation Area website,https://www.parks.ca.gov/?page_id=511
Open Gar Woods Grill and Pier website,https://www.garwoods.com/
Open Jason's Beachside Grille website,https://jasonsbeachsidegrille.com/
Open Soule Domain website,https://souledomain.com/
Open Lanza's Restaurant website,https://www.lanzastahoe.com/
Open Spindleshanks Tahoe website,https://spindleshankstahoe.com/
Open Tree House Cafe website,https://treehousecafekb.com/
Open JavaHut Kings Beach website,https://www.javahutkingsbeach.com/
Open North Tahoe Beaches website,https://ntpud.org/recreation-parks/facilities/north-tahoe-beaches/
Open Safeway Kings Beach store page,https://local.safeway.com/safeway/ca/kings-beach/7815-n-lake-blvd.html
Open Tahoe Central Market website,https://tahoecentralmarket.com/
Jump to the ski resort details,#life
Open Palisades Tahoe website,https://www.palisadestahoe.com/
Open Diamond Peak Ski Resort website,https://www.diamondpeak.com/
Open Mt. Rose Ski Tahoe website,https://skirose.com/
Open Patton Landing and Watermans Landing beach page,https://www.tahoepublicbeaches.org/beaches/patton-landing/
Open Coon Street Dog Beach and Boat Launch page,https://tahoe.com/listings/coon-street-dog-beach-and-boat-launch
